{"followers_count": {"p10": 39.0, "p50": 1046.0, "p90": 1166883.5999999999}, "following_count": {"p10": 18.0, "p50": 474.0, "p90": 2922.5999999999985}, "posts_count": {"p10": 430.0, "p50": 7551.0, "p90": 53620.59999999999}, "account_age_days": {"p10": 1475.0, "p50": 3395.0, "p90": 4186.0}, "bio_length": {"p10": 0.0, "p50": 75.0, "p90": 153.0}, "posting_frequency": {"p10": 0.19, "p50": 2.41, "p90": 16.72}, "engagement_rate": {"p10": 0.03045123215007114, "p50": 1.1684491978609626, "p90": 15.087711479690814}}